country,pi,u_icer,ll_icer,ul_icer
Mozambique,0.005,12711.269426365076,9731.05009762141,15691.488755108741
Mozambique,0.006,10592.724521970897,8109.2084146845045,13076.240629257289
Mozambique,0.007,9079.47816168934,6950.750069729577,11208.206253649103
Mozambique,0.008,7944.543391478172,6081.90631101338,9807.180471942964
Mozambique,0.009000000000000001,7061.816347980598,5406.138943123004,8717.493752838192
Mozambique,0.01,6355.634713182538,4865.525048810705,7845.744377554371
Mozambique,0.011,5777.849739256854,4423.204589827916,7132.494888685793
Mozambique,0.012,5296.362260985448,4054.6042073422523,6538.120314628644
Mozambique,0.013000000000000001,4888.949779371183,3742.7115760082334,6035.187982734132
Mozambique,0.014000000000000002,4539.73908084467,3475.375034864789,5604.103126824551
Mozambique,0.015,4237.089808788359,3243.6833658738024,5230.496251702915
Mozambique,0.016,3972.271695739086,3040.95315550669,4903.590235971482
Mozambique,0.017,3738.6086548132575,2862.0735581239433,4615.143751502572
Mozambique,0.018000000000000002,3530.908173990299,2703.069471561502,4358.746876419096
Mozambique,0.019,3345.07090167502,2560.802657268792,4129.339146081249
Mozambique,0.02,3177.817356591269,2432.7625244053525,3922.8721887771853
Mozambique,0.021,3026.4927205631134,2316.91668990986,3736.0687512163668
Mozambique,0.022000000000000002,2888.924869628426,2211.602294913957,3566.2474443428955
Mozambique,0.023000000000000003,2763.3194405141467,2115.445673395958,3411.1932076323355
Mozambique,0.024,2648.181130492724,2027.3021036711261,3269.060157314322
Mozambique,0.025,2542.2538852730154,1946.210019524282,3138.297751021749
Mozambique,0.026000000000000002,2444.4748896855913,1871.3557880041167,3017.593991367066
Mozambique,0.027,2353.938782660199,1802.0463143743345,2905.831250946064
Mozambique,0.028,2269.869540422335,1737.6875174323943,2802.0515634122758
Mozambique,0.029,2191.598176959496,1677.7672582105874,2705.4290957084045
Mozambique,0.030000000000000002,2118.5449043941794,1621.8416829369012,2615.2481258514576
Mozambique,0.031000000000000003,2050.2047461879156,1569.5242092937756,2530.8852830820556
Mozambique,0.032,1986.135847869543,1520.476577753345,2451.795117985741
Mozambique,0.033,1925.9499130856175,1474.4015299426376,2377.4982962285976
Mozambique,0.034,1869.3043274066288,1431.0367790619716,2307.571875751286
Mozambique,0.034999999999999996,1815.8956323378684,1390.1500139459158,2241.641250729821
Mozambique,0.036,1765.4540869951497,1351.5347357807511,2179.373438209548
Mozambique,0.037,1717.7391116709564,1315.0067699488393,2120.4714533930737
Mozambique,0.038,1672.53545083751,1280.401328634396,2064.6695730406245
Mozambique,0.039,1629.6499264570612,1247.570525336078,2011.7293275780444
Mozambique,0.04,1588.9086782956344,1216.3812622026762,1961.4360943885927
Mozambique,0.041,1550.154808093302,1186.713426539196,1913.5961896474082
Mozambique,0.041999999999999996,1513.246360281557,1158.45834495493,1868.0343756081838
Mozambique,0.043,1478.0545844610556,1131.5174532117921,1824.591715710319
Mozambique,0.044,1444.4624348142136,1105.801147456979,1783.1237221714482
Mozambique,0.045,1412.3632695961196,1081.2277886246006,1743.4987505676386
Mozambique,0.046,1381.6597202570736,1057.7228366979791,1705.596603816168
Mozambique,0.047,1352.262704932455,1035.2180954916391,1669.307314373271
Mozambique,0.048,1324.090565246362,1013.6510518355631,1634.530078657161
Mozambique,0.048999999999999995,1297.068308812763,992.9642956756538,1601.1723219498722
Mozambique,0.049999999999999996,1271.1269426365077,973.1050097621409,1569.1488755108744
Mozambique,0.051,1246.2028849377527,954.0245193746479,1538.3812505008577
Mozambique,0.052,1222.2374448427959,935.6778940020586,1508.7969956835332
Mozambique,0.053,1199.1763609778375,918.0235941152271,1480.3291278404479
Mozambique,0.054,1176.9693913300996,901.0231571871673,1452.915625473032
Mozambique,0.055,1155.5699478513707,884.6409179655825,1426.4989777371588
Mozambique,0.056,1134.9347702111675,868.8437587161972,1401.0257817061379
Mozambique,0.057,1115.0236338916734,853.600885756264,1376.4463820270828
Mozambique,0.057999999999999996,1095.7990884797482,838.8836291052938,1352.7145478542025
Mozambique,0.059,1077.2262225733116,824.6652625102887,1329.7871826363344
Mozambique,0.06,1059.2724521970897,810.9208414684506,1307.6240629257288
Mozambique,0.061,1041.9073300299244,797.6270571820826,1286.1876028777663
Mozambique,0.062,1025.1023730939578,784.7621046468878,1265.4426415410278
Mozambique,0.063,1008.830906854371,772.3055633032862,1245.3562504054557
Mozambique,0.064,993.0679239347716,760.2382888766725,1225.8975589928705
Mozambique,0.065,977.7899558742366,748.5423152016467,1207.0375965468265
Mozambique,0.066,962.9749565428087,737.2007649713188,1188.7491481142988
Mozambique,0.067,948.6021959973938,726.1977684792095,1171.0066235155782
Mozambique,0.068,934.6521637033144,715.5183895309858,1153.785937875643
Mozambique,0.069,921.1064801713824,705.1485577986526,1137.0644025441122
Mozambique,0.07,907.947816168934,695.0750069729577,1120.8206253649103
Mozambique,0.07100000000000001,895.1598187581038,685.2852181423525,1105.0344193738551
Mozambique,0.07200000000000001,882.7270434975748,675.7673678903755,1089.686719104774
Mozambique,0.07300000000000001,870.6348922167859,666.5102806590003,1074.7595037745716
Mozambique,0.07400000000000001,858.869555835478,657.5033849744194,1060.2357266965364
Mozambique,0.07500000000000001,847.4179617576716,648.7366731747604,1046.0992503405828
Mozambique,0.07600000000000001,836.2677254187549,640.2006643171978,1032.334786520312
Mozambique,0.07700000000000001,825.4071056081218,631.886369975416,1018.9278412408277
Mozambique,0.078,814.8249632285306,623.785262668039,1005.8646637890222
Mozambique,0.079,804.5107231876632,615.8892466848995,993.1321996904269
Mozambique,0.08,794.4543391478172,608.1906311013381,980.7180471942963
Mozambique,0.081,784.6462608867331,600.6821047914449,968.6104169820213
Mozambique,0.082,775.077404046651,593.356713269598,956.7980948237041
Mozambique,0.083,765.7391220701853,586.2078372061088,945.2704069342618
Mozambique,0.084,756.6231801407783,579.229172477465,934.0171878040917
Mozambique,0.085,747.7217309626515,572.4147116247887,923.0287503005143
Mozambique,0.08600000000000001,739.0272922305277,565.7587266058958,912.2958578551595
Mozambique,0.08700000000000001,730.5327256531652,559.2557527368626,901.8096985694679
Mozambique,0.08800000000000001,722.2312174071066,552.9005737284892,891.5618610857239
Mozambique,0.08900000000000001,714.1162599081503,546.6882077315397,881.5443120847608
Mozambique,0.09000000000000001,706.1816347980598,540.6138943123004,871.7493752838192
Mozambique,0.09100000000000001,698.4213970530262,534.6730822868906,862.1697118191619
Mozambique,0.09200000000000001,690.8298601285367,528.8614183489894,852.7983019080839
Mozambique,0.093,683.4015820626386,523.1747364312585,843.6284276940187
Mozambique,0.094,676.1313524662276,517.6090477458196,834.6536571866355
Mozambique,0.095,669.0141803350041,512.1605314537585,825.8678292162497
Mozambique,0.096,662.045282623181,506.82552591778153,817.2650393285805
Mozambique,0.097,655.220073523973,501.60052049594896,808.8396265519971
Mozambique,0.098,648.5341544063814,496.4821478378269,800.5861609749359
Mozambique,0.099,641.9833043618726,491.4671766475458,792.4994320761994
Mozambique,0.1,635.5634713182538,486.5525048810705,784.5744377554372
Mozambique,0.101,629.2707636814395,481.7351533475944,776.8063740152845
Mozambique,0.10200000000000001,623.1014424688763,477.0122596873239,769.1906252504286
Mozambique,0.10300000000000001,617.0519139012173,472.38107270006833,761.72275510236625
Mozambique,0.10400000000000001,611.1187224213978,467.83894700102917,754.3984978417665
Mozambique,0.10500000000000001,605.2985441126226,463.3833379819718,747.2137502432734
Mozambique,0.10600000000000001,599.5881804889187,459.0117970576135,740.164563920224
Mozambique,0.10700000000000001,593.9845526338821,454.7219671785706,733.2471380891936
Mozambique,0.10800000000000001,588.4846956650498,450.51157859358364,726.457812736516
Mozambique,0.10900000000000001,583.0857535029851,446.37844484501875,719.7930621609514
Mozambique,0.11,577.7849739256853,442.32045898279125,713.2494888685794
Mozambique,0.111,572.5797038903188,438.3355899829464,706.8238177976912
Mozambique,0.112,567.4673851055837,434.4218793580986,700.5128908530689
Mozambique,0.113,562.4455498391627,430.57743794784994,694.3136617304755
Mozambique,0.114,557.5118169458367,426.800442878132,688.2231910135414
Mozambique,0.115,552.6638881028293,423.0891346791916,682.2386415264671
Mozambique,0.116,547.899544239874,419.44181455264686,676.3572739271011
Mozambique,0.117,543.2166421523538,415.8568417786926,670.576442526015
Mozambique,0.11800000000000001,538.6131112866558,412.3326312551444,664.8935913181672
Mozambique,0.11900000000000001,534.0869506876082,408.86765116056336,659.3062502146531
Mozambique,0.12000000000000001,529.6362260985449,405.4604207342253,653.8120314628644
Mozambique,0.12100000000000001,525.2590672051684,402.1095081661739,648.408626244163
Mozambique,0.12200000000000001,520.9536650149621,398.8135285910412,643.093801438883
Mozambique,0.12300000000000001,516.718269364434,395.5711421797322,637.8653965491359
Mozambique,0.12400000000000001,512.5511865469789,392.3810523234439,632.7213207705139
Mozambique,0.125,508.45077705460307,389.2420039048563,627.6595502043499
Mozambique,0.126,504.4154534271855,386.1527816516431,622.6781252027279
Mozambique,0.127,500.44367820334946,383.1122085677719,617.7751478389271
Mozambique,0.128,496.5339619673858,380.11914443833626,612.9487794964352
Mozambique,0.129,492.68486148701845,377.1724844039306,608.1972385701064
Mozambique,0.13,488.8949779371183,374.27115760082336,603.5187982734133
Mozambique,0.131,485.1629552047739,371.41412586341255,598.9117845461352
Mozambique,0.132,481.48747827140437,368.6003824856594,594.3745740571494
Mozambique,0.133,477.86727166786005,365.8289510383989,589.9055922973213
Mozambique,0.134,474.3010979986969,363.09888423960473,585.5033117577891
Mozambique,0.135,470.78775653203985,360.409262874867,581.1662501892127
Mozambique,0.136,467.3260818516572,357.7591947654929,576.8929689378215
Mozambique,0.137,463.91494256806845,355.14781378180317,572.6820713543337
Mozambique,0.138,460.5532400856912,352.5742788993263,568.5322012720561
Mozambique,0.139,457.23990742320416,350.03777329573404,564.4420415506743
Mozambique,0.14,453.973908084467,347.53750348647884,560.4103126824551
Mozambique,0.14100000000000001,450.75423497748494,345.07269849721297,556.4357714577569
Mozambique,0.14200000000000002,447.5799093790519,342.64260907117625,552.5172096869276
Mozambique,0.14300000000000002,444.4499799428348,340.24650690983935,548.6534529758302
Mozambique,0.14400000000000002,441.3635217487874,337.8836839451877,544.843359552387
Mozambique,0.14500000000000002,438.31963539189917,335.5534516421176,541.0858191416808
Mozambique,0.14600000000000002,435.31744610839297,333.25514032950014,537.3797518872858
Mozambique,0.14700000000000002,432.3561029375876,330.9880985585513,533.7241073166239
Mozambique,0.14800000000000002,429.434777917739,328.7516924872097,530.1178633482682
Mozambique,0.14900000000000002,426.5526653142643,326.54530528930894,526.5600253392197
Mozambique,0.15,423.7089808788359,324.3683365873803,523.0496251702915
Mozambique,0.151,420.90296113791646,322.22020190799367,519.5857203678393
Mozambique,0.152,418.1338627093775,320.100332158599,516.1673932601561
Mozambique,0.153,415.4009616459175,318.00817312488266,512.7937501669523
Mozambique,0.154,412.70355280406096,315.94318498770804,509.4639206204139
Mozambique,0.155,410.0409492375831,313.90484185875505,506.17705661641116
Mozambique,0.156,407.4124816142653,311.8926313340195,502.9323318945111
Mozambique,0.157,404.81749765493873,309.9060540643761,499.72894124550135
Mozambique,0.158,402.2553615938316,307.94462334244974,496.56609984521344
Mozambique,0.159,399.72545365927914,306.0078647050757,493.4430426134826
Mozambique,0.16,397.2271695739086,304.09531555066906,490.35902359714817
Mozambique,0.161,394.75992007344956,302.2065247708513,487.31331537604785
Mozambique,0.162,392.32313044336655,300.34105239572244,484.30520849101066
Mozambique,0.163,389.91624007254836,298.49846925219043,481.3340108929063
Mozambique,0.164,387.5387020233255,296.678356634799,478.39904741185205
Mozambique,0.165,385.1899826171235,294.88030598852754,475.4996592457195
Mozambique,0.166,382.86956103509266,293.1039186030544,472.6352034671309
Mozambique,0.167,380.5769289330861,291.34880531800627,469.8050525481659
Mozambique,0.168,378.3115900703892,289.6145862387325,467.00859390204585
Mozambique,0.169,376.07305995162943,287.9008904621718,464.2452294410871
Mozambique,0.17,373.86086548132573,286.2073558123943,461.51437515025714
Mozambique,0.171,371.67454463055776,284.53362858542135,458.81546067569417
Mozambique,0.17200000000000001,369.51364611526384,282.8793633029479,456.14792892757976
Mozambique,0.17300000000000001,367.3777290856958,281.2442224746071,453.5112356967845
Mozambique,0.17400000000000002,365.2663628265826,279.6278763684313,450.9048492847339
Mozambique,0.17500000000000002,363.1791264675736,278.0300027891831,448.32825014596415
Mozambique,0.17600000000000002,361.1156087035533,276.4502868642446,445.78093054286194
Mozambique,0.17700000000000002,359.0754075244372,274.888420836763,443.2623942121114
Mozambique,0.17800000000000002,357.0581299540751,273.34410386576985,440.7721560423804
Mozambique,0.17900000000000002,355.0633917979072,271.8170418330002,438.30974176281416
Mozambique,0.18000000000000002,353.0908173990299,270.3069471561502,435.8746876419096
Mozambique,0.181,351.1400394023502,268.81353860832627,433.4665401963742
Mozambique,0.182,349.2106985265131,267.3365411434453,431.08485590958094
Mozambique,0.183,347.30244334330814,265.8756857273609,428.72920095925537
Mozambique,0.184,345.4149300642684,264.4307091744948,426.399150954042
Mozambique,0.185,343.54782233419127,263.0013539897678,424.09429067861475
Mozambique,0.186,341.7007910313193,261.5873682156292,421.81421384700934
Mozambique,0.187,339.87351407393254,260.1885052839949,419.55852286387017
Mozambique,0.188,338.0656762331138,258.8045238729098,417.32682859331777
Mozambique,0.189,336.27696895145704,257.43518776776216,415.1187501351519
Mozambique,0.19,334.50709016750204,256.08026572687925,412.93391460812484
Mozambique,0.191,332.7557441456826,254.73953135134576,410.7719569400195
Mozambique,0.192,331.0226413115905,253.41276295889077,408.63251966429027
Mozambique,0.193,329.30749809235954,252.09974346169452,406.51525272302456
Mozambique,0.194,327.6100367619865,250.80026024797448,404.41981327599854
Mozambique,0.195,325.9299852914122,249.51410506721555,402.34586551560886
Mozambique,0.196,324.2670772031907,248.24107391891346,400.29308048746793
Mozambique,0.197,322.6210514305857,246.9809669447058,398.26113591646555
Mozambique,0.198,320.9916521809363,245.7335883237729,396.2497160380997
Mozambique,0.199,319.3786288031426,244.49874617139216,394.258511434893
Mozambique,0.2,317.7817356591269,243.27625244053525,392.2872188777186
Mozambique,0.201,316.2007319991313,242.0659228264032,390.33554117185935
Mozambique,0.202,314.63538184071973,240.8675766737972,388.40318700764226
Mozambique,0.203,313.08545385135653,239.6810368872267,386.48987081548637
Mozambique,0.20400000000000001,311.55072123443813,238.50612984366194,384.5953126252143
Mozambique,0.20500000000000002,310.0309616186604,237.34268530783916,382.71923792948166
Mozambique,0.20600000000000002,308.52595695060865,236.19053635003417,380.8613775511831
Mozambique,0.20700000000000002,307.0354933904608,235.0495192662176,379.02146751470394
Mozambique,0.20800000000000002,305.5593612106989,233.91947350051458,377.19924892088324
Mozambique,0.20900000000000002,304.0973546977291,232.80024156989015,375.39446782556803
Mozambique,0.21000000000000002,302.6492720563113,231.6916689909859,373.6068751216367
Mozambique,0.21100000000000002,301.21491531670796,230.5936042090381,371.83622642437786
Mozambique,0.21200000000000002,299.79409024445937,229.50589852880674,370.082281960112
Mozambique,0.21300000000000002,298.3866062527013,228.4284060474509,368.34480645795173
Mozambique,0.214,296.99227631694106,227.3609835892853,366.6235690445968
Mozambique,0.215,295.6109168922111,226.30349064235833,364.91834314206386
Mozambique,0.216,294.2423478325249,225.25578929679182,363.228906368258
Mozambique,0.217,292.8863923125594,224.21774418482514,361.5550404402936
Mozambique,0.218,291.5428767514926,223.1892224225094,359.8965310804758
Mozambique,0.219,290.2116307389287,222.1700935530002,358.25316792485717
Mozambique,0.22,288.89248696284267,221.16022949139563,356.6247444342897
Mozambique,0.221,287.58528113948137,220.15950447107258,355.01105780789015
Mozambique,0.222,286.2898519451594,219.1677949914732,353.4119088988456
Mozambique,0.223,285.0060409498896,218.1849797672961,351.8271021324831
Mozambique,0.224,283.73369255279187,217.2109396790493,350.25644542653447
Mozambique,0.225,282.47265391922394,216.24555772492022,348.69975011352767
Mozambique,0.226,281.22277491958135,215.28871897392497,347.15683086523774
Mozambique,0.227,279.9839080697153,214.3403105202953,345.6275056191353
Mozambique,0.228,278.75590847291835,213.400221439066,344.1115955067707
Mozambique,0.229,277.53863376342963,212.46834274282554,342.6089247840337
Mozambique,0.23,276.33194405141467,211.5445673395958,341.11932076323353
Mozambique,0.231,275.1357018693739,210.62878999180532,339.6426137469425
Mozambique,0.232,273.949772119937,209.72090727632343,338.17863696355056
Mozambique,0.233,272.7740220250016,208.8208175455237,336.7272265044795
Mozambique,0.234,271.6083210761769,207.9284208893463,335.2882212630075
Mozambique,0.23500000000000001,270.452540986491,207.04361909832784,333.86146287465414
Mozambique,0.23600000000000002,269.3065556433279,206.1663156275722,332.4467956590836
Mozambique,0.23700000000000002,268.17024106255434,205.29641556163307,331.0440665634756
Mozambique,0.23800000000000002,267.0434753438041,204.43382558028168,329.65312510732656
Mozambique,0.23900000000000002,265.92613862688444,203.57845392513403,328.2738233286349
Mozambique,0.24000000000000002,264.8181130492724,202.73021036711265,326.9060157314322
Mozambique,0.24100000000000002,263.7192827046696,201.88900617471796,325.5495592346212
Mozambique,0.24200000000000002,262.6295336025842,201.05475408308695,324.2043131220815
Mozambique,0.24300000000000002,261.548753628911,200.22736826381492,322.8701389940071
Mozambique,0.24400000000000002,260.47683250748105,199.4067642955206,321.5469007194415
Mozambique,0.245,259.4136617625526,198.59285913513077,320.2344643899744
Mozambique,0.246,258.359134682217,197.7855710898661,318.93269827456794
Mozambique,0.247,257.3131462826939,196.98481978990714,317.6414727754806
Mozambique,0.248,256.27559327348945,196.19052616172195,316.36066038525695
Mozambique,0.249,255.24637402339513,195.4026124020363,315.09013564475396
Mozambique,0.25,254.22538852730153,194.62100195242814,313.82977510217495
Mozambique,0.251,253.2125383738063,193.84561947453008,312.5794572730825
Mozambique,0.252,252.20772671359276,193.07639082582156,311.33906260136393
Mozambique,0.253,251.21085822855883,192.3132430359962,310.10847342112146
Mozambique,0.254,250.22183910167473,191.55610428388596,308.88757391946353
Mozambique,0.255,249.24057698755053,190.80490387492958,307.6762501001715
Mozambique,0.256,248.2669809836929,190.05957221916813,306.4743897482176
Mozambique,0.257,247.30096160243338,189.32004080975503,305.2818823951117
Mozambique,0.258,246.34243074350923,188.5862422019653,304.0986192850532
Mozambique,0.259,245.39130166727946,187.85810999269125,302.9244933418677
Mozambique,0.26,244.44748896855916,187.13557880041168,301.75939913670663
Mozambique,0.261,243.5109085510551,186.41858424562088,300.60323285648934
Mozambique,0.262,242.58147760238694,185.70706293170628,299.4558922730676
Mozambique,0.263,241.65911456967825,185.00095242626247,298.31727671309403
Mozambique,0.264,240.74373913570219,184.3001912428297,297.1872870285747
Mozambique,0.265,239.83527219556746,183.6047188230454,296.0658255680895
Mozambique,0.266,238.93363583393003,182.91447551919944,294.95279614866064
Mozambique,0.267,238.0387533027168,182.2294025771799,293.84810402825366
Mozambique,0.268,237.15054899934844,181.54944211980236,292.75165587889455
Mozambique,0.269,236.26894844544753,180.8745371305095,291.66335976038556
Mozambique,0.27,235.39387826601993,180.2046314374335,290.5831250946064
Mozambique,0.271,234.52526616909734,179.5396696978119,289.51086264038275
Mozambique,0.272,233.6630409258286,178.87959738274645,288.44648446891074
Mozambique,0.273,232.8071323510087,178.2243607622968,287.3899039397206
Mozambique,0.274,231.95747128403423,177.57390689090158,286.3410356771669
Mozambique,0.275,231.1139895702741,176.92818359311647,285.2997955474317
Mozambique,0.276,230.2766200428456,176.28713944966316,284.26610063602806
Mozambique,0.277,229.44529650478475,175.6507237837799,283.23986922578956
Mozambique,0.278,228.61995371160208,175.01888664786702,282.22102077533714
Mozambique,0.279,227.80052735421285,174.39157881041947,281.20947589800625
Mozambique,0.28,226.9869540422335,173.76875174323942,280.20515634122756
Mozambique,0.281,226.1791712876348,173.1503576089218,279.2079849663478
Mozambique,0.28200000000000003,225.37711748874247,172.53634924860648,278.21788572887846
Mozambique,0.28300000000000003,224.58073191457729,171.92668016998954,277.23478365916503
Mozambique,0.28400000000000003,223.78995468952596,171.32130453558813,276.2586048434638
Mozambique,0.28500000000000003,223.00472677833466,170.72017715125278,275.28927640541656
Mozambique,0.28600000000000003,222.2249899714174,170.12325345491968,274.3267264879151
Mozambique,0.28700000000000003,221.45068687047169,169.53048950559943,273.3708842353439
Mozambique,0.28800000000000003,220.6817608743937,168.94184197259386,272.4216797761935
Mozambique,0.28900000000000003,219.91815616548573,168.35726812493783,271.4790442060336
Mozambique,0.29000000000000004,219.15981769594958,167.7767258210588,270.5429095708404
Mozambique,0.29100000000000004,218.40669117465765,167.20017349864963,269.61320885066567
Mozambique,0.29200000000000004,217.65872305419649,166.62757016475007,268.6898759436429
Mozambique,0.29300000000000004,216.91586051817532,166.05887538603085,267.7728456503198
Mozambique,0.294,216.17805146879385,165.4940492792757,266.862053658312
Mozambique,0.295,215.44524451466233,164.93305250205776,265.9574365272669
Mozambique,0.296,214.71738895886955,164.3758462436049,265.0589316741342
Mozambique,0.297,213.99443478729086,163.8223922158486,264.1664773587331
Mozambique,0.298,213.27633265713217,163.27265264465447,263.28001266960985
Mozambique,0.299,212.56303388570365,162.72659026122756,262.39947751017974
Mozambique,0.3,211.85449043941796,162.18416829369016,261.52481258514575
Mozambique,0.301,211.15065492300792,161.64535045882738,260.65595938718843
Mozambique,0.302,210.45148056895823,161.11010095399683,259.79286018391963
Mozambique,0.303,209.7569212271465,160.5783844491982,258.9354580050948
Mozambique,0.304,209.06693135468876,160.0501660792995,258.08369663007807
Mozambique,0.305,208.38146600598486,159.52541143641656,257.23752057555316
Mozambique,0.306,207.70048082295875,159.00408656244133,256.3968750834762
Mozambique,0.307,207.02393202548984,158.48615794171673,255.56170610926296
Mozambique,0.308,206.35177640203048,157.97159249385402,254.73196031020694
Mozambique,0.309,205.68397130040577,157.46035756668948,253.90758503412206
Mozambique,0.31,205.02047461879155,156.95242092937752,253.08852830820558
Mozambique,0.311,204.36124479686617,156.44775076561754,252.2747388281148
Mozambique,0.312,203.70624080713264,155.94631566700974,251.46616594725555
Mozambique,0.313,203.05542214640695,155.44808462654004,250.66275966627387
Mozambique,0.314,202.40874882746937,154.95302703218806,249.86447062275067
Mozambique,0.315,201.76618137087425,154.4611126606573,249.0712500810912
Mozambique,0.316,201.1276807969158,153.97231167122487,248.28304992260672
Mozambique,0.317,200.4932086177457,153.48659459970676,247.49982263578462
Mozambique,0.318,199.86272682963957,153.00393235253784,246.7215213067413
Mozambique,0.319,199.23619790540872,152.52429620096254,245.9480996098549
Mozambique,0.32,198.6135847869543,152.04765777533453,245.17951179857408
Mozambique,0.321,197.9948508779607,151.57398905952348,244.4157126963979
Mozambique,0.322,197.37996003672478,151.10326238542564,243.65665768802393
Mozambique,0.323,196.76887656911885,150.63545042757602,242.90230271066167
Mozambique,0.324,196.16156522168328,150.17052619786122,242.15260424550533
Mozambique,0.325,195.55799117484733,149.70846304032932,241.40751930936534
Mozambique,0.326,194.95812003627418,149.24923462609522,240.66700544645315
Mozambique,0.327,194.36191783432838,148.7928149483396,239.93102072031715
Mozambique,0.328,193.76935101166276,148.3391783173995,239.19952370592603
Mozambique,0.329,193.18038641892215,147.8882993559485,238.4724734818958
Mozambique,0.33,192.59499130856176,147.44015299426377,237.74982962285975
Mozambique,0.331,192.0131333287776,146.99471446558022,237.03155219197498
Mozambique,0.332,191.43478051754633,146.5519593015272,236.31760173356545
Mozambique,0.333,190.8599012967729,146.11186332764876,235.60793926589704
Mozambique,0.334,190.28846446654305,145.67440265900314,234.90252627408296
Mozambique,0.335,189.72043919947873,145.2395536958419,234.20132470311557
Mozambique,0.336,189.1557950351946,144.80729311936625,233.50429695102292
Mozambique,0.337,188.59450187485277,144.377597887558,232.81140586214752
Mozambique,0.338,188.03652997581472,143.9504452310859,232.12261472054354
Mozambique,0.339,187.48184994638754,143.5258126492833,231.4378872434918
Mozambique,0.34,186.93043274066287,143.10367790619716,230.75718757512857
Mozambique,0.341,186.38224965344685,142.68401902670684,230.08048028018686
Mozambique,0.342,185.83727231527888,142.26681429271068,229.40773033784708
Mozambique,0.343,185.29547268753754,141.85204223937916,228.73890313569592
Mozambique,0.34400000000000003,184.75682305763192,141.43968165147396,228.07396446378988
Mozambique,0.34500000000000003,184.22129603427643,141.02971155973052,227.41288050882235
Mozambique,0.34600000000000003,183.6888645428479,140.62211123730356,226.75561784839226
Mozambique,0.34700000000000003,183.1595018208224,140.21686019627387,226.10214344537096
Mozambique,0.34800000000000003,182.6331814132913,139.81393818421566,225.45242464236696
Mozambique,0.34900000000000003,182.1098771685541,139.41332518082245,224.80642915628576
Mozambique,0.35000000000000003,181.5895632337868,139.01500139459154,224.16412507298207
Mozambique,0.35100000000000003,181.07221405078457,138.61894725956418,223.52548084200495
Mozambique,0.35200000000000004,180.55780435177664,138.2251434321223,222.89046527143097
Mozambique,0.35300000000000004,180.04630915531268,137.83357078783865,222.25904752278672
Mozambique,0.35400000000000004,179.5377037622186,137.4442104183815,221.6311971060557
Mozambique,0.35500000000000004,179.03196375162076,137.05704362847052,221.006883874771
Mozambique,0.35600000000000004,178.52906497703756,136.67205193288493,220.3860780211902
Mozambique,0.357,178.0289835625361,136.28921705352116,219.76875007155104
Mozambique,0.358,177.5316958989536,135.9085209165001,219.15487088140708
Mozambique,0.359,177.03717864018213,135.52994564932325,218.54441163104102
Mozambique,0.36,176.54540869951495,135.15347357807508,217.93734382095482
Mozambique,0.361,176.0563632460537,134.77908722467325,217.33363926743417
Mozambique,0.362,175.5700197011751,134.40676930416313,216.7332700981871
Mozambique,0.363,175.08635573505615,134.03650272205797,216.13620874805432
Mozambique,0.364,174.60534926325656,133.66827057172264,215.54242795479047
Mozambique,0.365,174.12697844335722,133.30205613180016,214.95190075491428
Mozambique,0.366,173.65122167165407,132.93784286368046,214.36460047962768
Mozambique,0.367,173.17805757990567,132.57561440901102,213.78050075080031
Mozambique,0.368,172.7074650321342,132.2153545872474,213.199575477021
Mozambique,0.369,172.239423121478,131.85704739324404,212.62179884971198
Mozambique,0.37,171.77391116709563,131.5006769948839,212.04714533930738
Mozambique,0.371,171.31090871111965,131.14622773074677,211.47558969149253
Mozambique,0.372,170.85039551565964,130.7936841078146,210.90710692350467
Mozambique,0.373,170.39235155985358,130.4430307992146,210.34167232049256
Mozambique,0.374,169.93675703696627,130.09425264199746,209.77926143193508
Mozambique,0.375,169.48359235153438,129.74733463495215,209.2198500681166
Mozambique,0.376,169.0328381165569,129.4022619364549,208.66341429665889
Mozambique,0.377,168.58447515073047,129.0590198623529,208.10993043910804
Mozambique,0.378,168.13848447572852,128.71759388388108,207.55937506757596
Mozambique,0.379,167.69484731352344,128.37796962561228,207.0117250014346
Mozambique,0.38,167.25354508375102,128.04013286343962,206.46695730406242
Mozambique,0.381,166.8145594011165,127.70406952259069,205.9250492796423
Mozambique,0.382,166.3778720728413,127.36976567567288,205.38597847000975
Mozambique,0.383,165.94346509614982,127.03720754074945,204.8497226515502
Mozambique,0.384,165.51132065579526,126.70638147944538,204.31625983214514
Mozambique,0.385,165.08142112162437,126.37727399508326,203.78556824816548
Mozambique,0.386,164.65374904617977,126.04987173084726,203.25762636151228
Mozambique,0.387,164.2282871623395,125.72416146797688,202.73241285670213
Mozambique,0.388,163.80501838099326,125.40013012398724,202.20990663799927
Mozambique,0.389,163.38392578875417,125.07776475091784,201.69008682659052
Mozambique,0.39,162.9649926457061,124.75705253360778,201.17293275780443
Mozambique,0.391,162.54820238318513,124.43798078799756,200.6584239783727
Mozambique,0.392,162.13353860159535,124.12053695945673,200.14654024373397
Mozambique,0.393,161.720985068258,123.80470862113751,199.63726151537847
Mozambique,0.394,161.31052571529284,123.4904834723529,199.13056795823277
Mozambique,0.395,160.90214463753261,123.17784933697988,198.62643993808535
Mozambique,0.396,160.49582609046814,122.86679416188645,198.12485801904984
Mozambique,0.397,160.09155448822514,122.557306015383,197.62580296106728
Mozambique,0.398,159.6893144015713,122.24937308569608,197.1292557174465
Mozambique,0.399,159.28909055595332,121.94298367946627,196.63519743244038
Mozambique,0.4,158.89086782956346,121.63812622026762,196.1436094388593
Tanzania,0.005,11051.319372013346,4095.235223018012,18007.40352100868
Tanzania,0.006,9209.432810011122,3412.696019181676,15006.169600840567
Tanzania,0.007,7893.799551438104,2925.1680164414365,12862.431086434772
Tanzania,0.008,6907.074607508341,2559.522014386258,11254.627200630424
Tanzania,0.009000000000000001,6139.621873340747,2275.1306794544507,10004.113067227043
Tanzania,0.01,5525.659686006673,2047.617611509006,9003.70176050434
Tanzania,0.011,5023.326987278794,1861.4705559172794,8185.183418640308
Tanzania,0.012,4604.716405005561,1706.348009590838,7503.0848004202835
Tanzania,0.013000000000000001,4250.507450774363,1575.090470391543,6925.924431157183
Tanzania,0.014000000000000002,3946.8997757190514,1462.5840082207187,6431.215543217384
Tanzania,0.015,3683.773124004449,1365.078407672671,6002.467840336227
Tanzania,0.016,3453.5373037541704,1279.761007193129,5627.313600315212
Tanzania,0.017,3250.38805059216,1204.480947946474,5296.2951532378465
Tanzania,0.018000000000000002,3069.8109366703734,1137.5653397272254,5002.056533613521
Tanzania,0.019,2908.241940003512,1077.693479741582,4738.790400265441
Tanzania,0.02,2762.8298430033365,1023.808805754503,4501.85088025217
Tanzania,0.021,2631.2665171460344,975.0560054804789,4287.47702881159
Tanzania,0.022000000000000002,2511.6634936393966,930.7352779586392,4092.591709320154
Tanzania,0.023000000000000003,2402.460733046379,890.2685267430454,3914.652939349713
Tanzania,0.024,2302.3582025027804,853.174004795419,3751.5424002101417
Tanzania,0.025,2210.263874402669,819.0470446036022,3601.4807042017355
Tanzania,0.026000000000000002,2125.2537253871815,787.5452351957715,3462.9622155785914
Tanzania,0.027,2046.540624446916,758.3768931514837,3334.704355742348
Tanzania,0.028,1973.449887859526,731.2920041103591,3215.607771608693
Tanzania,0.029,1905.399891726439,706.0750384513813,3104.7247450014966
Tanzania,0.030000000000000002,1841.886562002224,682.5392038363352,3001.233920168113
Tanzania,0.031000000000000003,1782.470866453765,660.5218101641951,2904.4199227433346
Tanzania,0.032,1726.7686518770852,639.8805035965645,2813.656800157606
Tanzania,0.033,1674.4423290929312,620.4901853057595,2728.394472880103
Tanzania,0.034,1625.19402529608,602.240473973237,2648.1475766189233
Tanzania,0.034999999999999996,1578.7599102876209,585.0336032882873,2572.4862172869543
Tanzania,0.036,1534.905468335187,568.7826698636127,2501.028266806761
Tanzania,0.037,1493.4215367585603,553.4101652727045,2433.432908244416
Tanzania,0.038,1454.120970001756,538.846739870791,2369.3952001327207
Tanzania,0.039,1416.8358169247879,525.030156797181,2308.6414770523947
Tanzania,0.04,1381.4149215016682,511.9044028772515,2250.925440126085
Tanzania,0.041,1347.7218746357737,499.4189296363428,2196.0248196352045
Tanzania,0.041999999999999996,1315.6332585730174,487.52800274023946,2143.7385144057953
Tanzania,0.043,1285.0371362806216,476.19014221139673,2093.8841303498466
Tanzania,0.044,1255.8317468196985,465.36763897931985,2046.295854660077
Tanzania,0.045,1227.9243746681495,455.02613589089026,2000.822613445409
Tanzania,0.046,1201.2303665231898,445.1342633715228,1957.3264696748568
Tanzania,0.047,1175.672273618441,435.6633215976608,1915.6812256392213
Tanzania,0.048,1151.1791012513902,426.5870023977095,1875.7712001050709
Tanzania,0.048999999999999995,1127.6856502054436,417.88114520591967,1837.4901552049676
Tanzania,0.049999999999999996,1105.1319372013347,409.5235223018012,1800.7403521008682
Tanzania,0.051,1083.4626835307201,401.4936493154912,1765.431717745949
Tanzania,0.052,1062.626862693591,393.77261759788587,1731.481107789296
Tanzania,0.053,1042.577299246542,386.34294556773693,1698.811652925347
Tanzania,0.054,1023.270312223458,379.18844657574186,1667.352177871174
Tanzania,0.055,1004.6653974557587,372.2941111834556,1637.0366837280617
Tanzania,0.056,986.724943929763,365.64600205517957,1607.8038858043465
Tanzania,0.057,969.4139800011707,359.23115991386067,1579.5968000884807
Tanzania,0.057999999999999996,952.6999458632196,353.03751922569063,1552.3623725007485
Tanzania,0.059,936.5524891536735,347.05383245915357,1526.0511458481933
Tanzania,0.06,920.9432810011123,341.2696019181677,1500.6169600840567
Tanzania,0.061,905.8458501650284,335.67501828016486,1476.016682049892
Tanzania,0.062,891.2354332268827,330.2609050820977,1452.2099613716678
Tanzania,0.063,877.0888390486782,325.018668493493,1429.1590096038635
Tanzania,0.064,863.3843259385426,319.94025179828225,1406.828400078803
Tanzania,0.065,850.1014901548727,315.01809407830865,1385.1848862314368
Tanzania,0.066,837.2211645464656,310.24509265287975,1364.1972364400515
Tanzania,0.067,824.7253262696526,305.61456888194107,1343.836083657364
Tanzania,0.068,812.59701264804,301.1202369866185,1324.0737883094616
Tanzania,0.069,800.8202443487932,296.75617558101527,1304.884313116571
Tanzania,0.07,789.3799551438103,292.5168016441436,1286.2431086434772
Tanzania,0.07100000000000001,778.2619276065735,288.3968466914093,1268.1270085217377
Tanzania,0.07200000000000001,767.4527341675933,284.39133493180634,1250.5141334033804
Tanzania,0.07300000000000001,756.9396830146126,280.4955632204117,1233.3838028088135
Tanzania,0.07400000000000001,746.71076837928,276.7050826363522,1216.7164541222078
Tanzania,0.07500000000000001,736.7546248008896,273.01568153453417,1200.493568067245
Tanzania,0.07600000000000001,727.0604850008779,269.42336993539544,1184.6976000663603
Tanzania,0.07700000000000001,717.6181410398275,265.9243651310397,1169.3119169486154
Tanzania,0.078,708.4179084623939,262.5150783985905,1154.3207385261974
Tanzania,0.079,699.4505931654016,259.19210272265906,1139.7090836081443
Tanzania,0.08,690.7074607508341,255.95220143862576,1125.4627200630425
Tanzania,0.081,682.1802081489719,252.79229771716126,1111.5681185807825
Tanzania,0.082,673.8609373178869,249.7094648181714,1098.0124098176022
Tanzania,0.083,665.7421308441774,246.7009170492778,1084.7833446390769
Tanzania,0.084,657.8166292865086,243.76400137011973,1071.8692572028974
Tanzania,0.085,650.0776101184321,240.89618958929486,1059.2590306475693
Tanzania,0.08600000000000001,642.5185681403108,238.09507110569837,1046.9420651749233
Tanzania,0.08700000000000001,635.1332972421462,235.35834615046042,1034.908248333832
Tanzania,0.08800000000000001,627.9158734098492,232.6838194896598,1023.1479273300386
Tanzania,0.08900000000000001,620.8606388771541,230.06939455157357,1011.6518832027346
Tanzania,0.09000000000000001,613.9621873340748,227.51306794544524,1000.4113067227042
Tanzania,0.09100000000000001,607.2153501106234,225.012924341649,989.4177758795977
Tanzania,0.09200000000000001,600.6151832615948,222.56713168576135,978.6632348374283
Tanzania,0.093,594.1569554845885,220.1739367213985,968.1399742477785
Tanzania,0.094,587.8361368092205,217.8316607988304,957.8406128196107
Tanzania,0.095,581.6483880007023,215.5386959483164,947.7580800530882
Tanzania,0.096,575.5895506256951,213.29350119885476,937.8856000525354
Tanzania,0.097,569.6556377326467,211.09459912463979,928.2166763406536
Tanzania,0.098,563.8428251027217,208.94057260295978,918.7450776024837
Tanzania,0.099,558.147443030977,206.83006176858646,909.4648242933675
Tanzania,0.1,552.5659686006672,204.76176115090055,900.3701760504339
Tanzania,0.101,547.0950184165023,202.7344169810898,891.4556198519148
Tanzania,0.10200000000000001,541.73134176536,200.74682465774555,882.7158588729744
Tanzania,0.10300000000000001,536.471814175405,198.79782636009764,874.1458019907125
Tanzania,0.10400000000000001,531.3134313467954,196.88630879894288,865.7405538946479
Tanzania,0.10500000000000001,526.2533034292069,195.01120109609576,857.495405762318
Tanzania,0.10600000000000001,521.288649623271,193.17147278386852,849.4058264626735
Tanzania,0.10700000000000001,516.4167930847357,191.3661319167295,841.4674542527418
Tanzania,0.10800000000000001,511.635156111729,189.59422328787093,833.676088935587
Tanzania,0.10900000000000001,506.94125559694237,187.85482674394547,826.0276844499392
Tanzania,0.11,502.33269872787935,186.1470555917278,818.5183418640308
Tanzania,0.111,497.8071789195201,184.47005509090144,811.1443027481387
Tanzania,0.112,493.3624719648815,182.82300102758978,803.9019429021732
Tanzania,0.113,488.99643238997106,181.20509836362885,796.7877664163133
Tanzania,0.114,484.70699000058534,179.61557995693033,789.7984000442403
Tanzania,0.115,480.4921466092759,178.05370534860924,782.9305878699425
Tanzania,0.116,476.3499729316097,176.51875961284532,776.1811862503741
Tanzania,0.117,472.27860564159596,175.01005226572704,769.5471590174649
Tanzania,0.11800000000000001,468.27624457683663,173.52691622957673,763.0255729240965
Tanzania,0.11900000000000001,464.3411500845943,172.06870684949627,756.6135933196923
Tanzania,0.12000000000000001,460.471640500556,170.6348009590838,750.3084800420282
Tanzania,0.12100000000000001,456.66608975261755,169.2245959924798,744.1075835127554
Tanzania,0.12200000000000001,452.9229250825141,167.83750914008237,738.0083410249458
Tanzania,0.12300000000000001,449.2406248785912,166.47297654544758,732.0082732117348
Tanzania,0.12400000000000001,445.61771661344125,165.13045254104878,726.1049806858337
Tanzania,0.125,442.05277488053383,163.8094089207205,720.2961408403471
Tanzania,0.126,438.5444195243391,162.5093342467465,714.5795048019318
Tanzania,0.127,435.09131385879317,161.2297331896856,708.9528945279008
Tanzania,0.128,431.6921629692713,159.97012589914112,703.4142000394015
Tanzania,0.129,428.34571209354056,158.7300474037989,697.9613767832823
Tanzania,0.13,425.0507450774364,157.50904703915432,692.5924431157184
Tanzania,0.131,421.8060829012727,156.30668790145086,687.3054779010945
Tanzania,0.132,418.6105822732328,155.12254632643987,682.0986182200257
Tanzania,0.133,415.46313428621596,153.95621139165456,676.9700571807773
Tanzania,0.134,412.3626631348263,152.80728444097053,671.918041828682
Tanzania,0.135,409.3081248893831,151.67537863029668,666.9408711484696
Tanzania,0.136,406.29850632402,150.56011849330926,662.0368941547308
Tanzania,0.137,403.33282379610745,149.46113952620476,657.2045080660101
Tanzania,0.138,400.4101221743966,148.37808779050764,652.4421565582855
Tanzania,0.139,397.52947381342966,147.31061953302202,647.7483280938372
Tanzania,0.14,394.68997757190516,146.2584008220718,643.1215543217386
Tanzania,0.14100000000000001,391.89075787281365,145.22110719922026,638.5604085464071
Tanzania,0.14200000000000002,389.13096380328676,144.19842334570464,634.0635042608689
Tanzania,0.14300000000000002,386.4097682522148,143.19004276286753,629.6294937415621
Tanzania,0.14400000000000002,383.7263670837967,142.19566746590317,625.2570667016902
Tanzania,0.14500000000000002,381.0799783452877,141.21500769027625,620.9449490002992
Tanzania,0.14600000000000002,378.4698415073063,140.24778161020586,616.6919014044067
Tanzania,0.14700000000000002,375.89521673514776,139.29371506863987,612.4967184016557
Tanzania,0.14800000000000002,373.35538418964,138.3525413181761,608.3582270611039
Tanzania,0.14900000000000002,370.84964335615246,137.42400077241646,604.2752859398885
Tanzania,0.15,368.37731240044485,136.5078407672671,600.2467840336226
Tanzania,0.151,365.93772755011076,135.60381533172222,596.2716397684993
Tanzania,0.152,363.530242500439,134.71168496769775,592.3488000331802
Tanzania,0.153,361.1542278435734,133.83121643849714,588.4772392486497
Tanzania,0.154,358.80907051991386,132.9621825655199,584.6559584743078
Tanzania,0.155,356.49417329075305,132.1043620328391,580.8839845486671
Tanzania,0.156,354.20895423119697,131.25753919929525,577.1603692630987
Tanzania,0.157,351.95284624246324,130.42150391777108,573.4841885671553
Tanzania,0.158,349.7252965827008,129.59605136132953,569.8545418040721
Tanzania,0.159,347.525766415514,128.78098185591233,566.2705509751156
Tanzania,0.16,345.35373037541706,127.97610071931288,562.7313600315213
Tanzania,0.161,343.20867614948276,127.18121810614943,559.236134192816
Tanzania,0.162,341.09010407448596,126.39614885858063,555.7840592903913
Tanzania,0.163,338.9975267488756,125.62071236251569,552.3743411352355
Tanzania,0.164,336.9304686589434,124.8547324090857,549.0062049088011
Tanzania,0.165,334.8884658185862,124.0980370611519,545.6788945760205
Tanzania,0.166,332.8710654220887,123.3504585246389,542.3916723195384
Tanzania,0.167,330.8778255093816,122.61183302449137,539.1438179942718
Tanzania,0.168,328.9083146432543,121.88200068505986,535.9346286014487
Tanzania,0.169,326.962111598028,121.16080541473414,532.7634177813219
Tanzania,0.17,325.03880505921603,120.44809479464743,529.6295153237846
Tanzania,0.171,323.13799333372356,119.74371997128694,526.5322666961601
Tanzania,0.17200000000000001,321.2592840701554,119.04753555284918,523.4710325874617
Tanzania,0.17300000000000001,319.402293988825,118.35939950919112,520.4451884684589
Tanzania,0.17400000000000002,317.5666486210731,117.67917307523021,517.454124166916
Tanzania,0.17500000000000002,315.7519820575241,117.00672065765752,514.4972434573907
Tanzania,0.17600000000000002,313.9579367049246,116.3419097448299,511.5739636650193
Tanzania,0.17700000000000002,312.1841630512244,115.68461081971785,508.683715282731
Tanzania,0.17800000000000002,310.43031943857704,115.03469727578678,505.8259416013673
Tanzania,0.17900000000000002,308.6960718439482,114.39204533569864,503.0000983521977
Tanzania,0.18000000000000002,306.9810936670374,113.75653397272262,500.2056533613521
Tanzania,0.181,305.28506552523055,113.12804483475168,497.4420862157094
Tanzania,0.182,303.60767505531174,112.50646217082456,494.70888793979896
Tanzania,0.183,301.9486167216761,111.891672760055,492.0055606832972
Tanzania,0.184,300.30759163079745,111.2835658428807,489.3316174187142
Tanzania,0.185,298.68430735171205,110.68203305454085,486.68658164888325
Tanzania,0.186,297.07847774229424,110.08696836069925,484.06998712388923
Tanzania,0.187,295.4898227811055,109.49826799513397,481.481377567077
Tanzania,0.188,293.91806840461027,108.9158303994152,478.92030640980533
Tanzania,0.189,292.3629463495594,108.33955616449771,476.38633653462114
Tanzania,0.19,290.82419400035116,107.7693479741582,473.8790400265441
Tanzania,0.191,289.3015542411871,107.20511055020975,471.39799793216446
Tanzania,0.192,287.79477531284755,106.64675059942738,468.9428000262677
Tanzania,0.193,286.30361067392084,106.09417676212468,466.513044585717
Tanzania,0.194,284.82781886632335,105.54729956231989,464.1083381703268
Tanzania,0.195,283.36716338495756,105.00603135943618,461.72829541047895
Tanzania,0.196,281.92141255136085,104.47028630147989,459.37253880124183
Tanzania,0.197,280.49033939120164,103.93998027964497,457.04069850275835
Tanzania,0.198,279.0737215154885,103.41503088429323,454.73241214668377
Tanzania,0.199,277.67134100536043,102.89535736226162,452.44732464845924
Tanzania,0.2,276.2829843003336,102.38088057545028,450.18508802521694
Tanzania,0.201,274.9084420898842,101.87152296064707,447.9453612191213
Tanzania,0.202,273.54750920825114,101.3672084905449,445.7278099259574
Tanzania,0.203,272.1999845323484,100.86786263591162,443.53210642878526
Tanzania,0.20400000000000001,270.86567088268,100.37341232887277,441.3579294364872
Tanzania,0.20500000000000002,269.54437492715476,99.8837859272686,439.2049639270409
Tanzania,0.20600000000000002,268.2359070877025,99.39891318004882,437.07290099535624
Tanzania,0.20700000000000002,266.9400814495977,98.91872519367178,434.9614377055236
Tanzania,0.20800000000000002,265.6567156733977,98.44315439947144,432.87027694732393
Tanzania,0.20900000000000002,264.38563090941017,97.972134521962,430.79912729685833
Tanzania,0.21000000000000002,263.12665171460344,97.50560054804788,428.747702881159
Tanzania,0.21100000000000002,261.8796059718802,97.0434886971093,426.7157232466511
Tanzania,0.21200000000000002,260.6443248116355,96.58573639193426,424.70291323133677
Tanzania,0.21300000000000002,259.4206425355245,96.13228223046977,422.7090028405793
Tanzania,0.214,258.2083965423679,95.68306595836478,420.73372712637104
Tanzania,0.215,257.0074272561243,95.2380284422793,418.7768260699693
Tanzania,0.216,255.8175780558645,94.79711164393547,416.8380444677935
Tanzania,0.217,254.63869520768077,94.36025859488507,414.91713182047647
Tanzania,0.218,253.47062779847124,93.92741337197276,413.0138422249697
Tanzania,0.219,252.31322767153756,93.49852107347058,411.12793426960457
Tanzania,0.22,251.16634936393967,93.0735277958639,409.2591709320154
Tanzania,0.221,250.0298500455508,92.65238061126726,407.4073194798343
Tanzania,0.222,248.90358945976004,92.23502754545072,405.57215137406934
Tanzania,0.223,247.78742986577006,91.82141755645767,403.75344217508245
Tanzania,0.224,246.68123598244074,91.41150051379489,401.9509714510866
Tanzania,0.225,245.5848749336299,91.00522717817802,400.16452268908176
Tanzania,0.226,244.49821619498553,90.60254918181442,398.39388320815664
Tanzania,0.227,243.42113154214417,90.2034190092073,396.638844075081
Tanzania,0.228,242.35349500029267,89.80778997846517,394.89920002212017
Tanzania,0.229,241.2951827950512,89.41561622310067,393.1747493670017
Tanzania,0.23,240.24607330463795,89.02685267430462,391.46529393497127
Tanzania,0.231,239.20604701327588,88.64145504367988,389.7706389828719
Tanzania,0.232,238.17498646580486,88.25937980642266,388.09059312518707
Tanzania,0.233,237.15277622346235,87.88058418493591,386.4249682619888
Tanzania,0.234,236.13930282079798,87.50502613286352,384.77357950873244
Tanzania,0.23500000000000001,235.1344547236882,87.13266431953218,383.13624512784423
Tanzania,0.23600000000000002,234.13812228841832,86.76345811478836,381.51278646204827
Tanzania,0.23700000000000002,233.1501977218005,86.39736757421966,379.9030278693814
Tanzania,0.23800000000000002,232.17057504229714,86.03435342474813,378.30679665984616
Tanzania,0.23900000000000002,231.19915004212018,85.67437705058597,376.7239230336544
Tanzania,0.24000000000000002,230.235820250278,85.3174004795419,375.1542400210141
Tanzania,0.24100000000000002,229.28048489654242,84.96338636966829,373.59758342341655
Tanzania,0.24200000000000002,228.33304487630878,84.6122979962399,372.0537917563777
Tanzania,0.24300000000000002,227.39340271632398,84.26409923905373,370.5227061935942
Tanzania,0.24400000000000002,226.46146254125705,83.91875457004119,369.0041705124729
Tanzania,0.245,225.5371300410887,83.5762290411839,367.4980310409935
Tanzania,0.246,224.62031243929565,83.23648827272379,366.00413660586753
Tanzania,0.247,223.7109184618086,82.89949844166017,364.52233848195704
Tanzania,0.248,222.80885830672068,82.56522627052442,363.05249034291694
Tanzania,0.249,221.91404361472584,82.23363901642594,361.59444821302577
Tanzania,0.25,221.02638744026692,81.90470446036025,360.14807042017355
Tanzania,0.251,220.1458042233734,81.57839089677313,358.7132175499737
Tanzania,0.252,219.27220976216955,81.25466712337325,357.2897524009659
Tanzania,0.253,218.40552118603452,80.93350243118601,355.877539940883
Tanzania,0.254,217.54565692939659,80.6148665948428,354.4764472639504
Tanzania,0.255,216.69253670614404,80.29872986309829,353.0863435491898
Tanzania,0.256,215.84608148463565,79.98506294957056,351.70710001970076
Tanzania,0.257,215.00621346329464,79.6738370236967,350.3385899028926
Tanzania,0.258,214.17285604677028,79.36502370189945,348.98068839164114
Tanzania,0.259,213.34593382265146,79.05859503895778,347.63327260634514
Tanzania,0.26,212.5253725387182,78.75452351957716,346.2962215578592
Tanzania,0.261,211.71109908071543,78.4527820501535,344.9694161112774
Tanzania,0.262,210.90304145063635,78.15334395072543,343.65273895054725
Tanzania,0.263,210.10112874550086,77.85618294711051,342.3460745438912
Tanzania,0.264,209.3052911366164,77.56127316321994,341.04930911001287
Tanzania,0.265,208.5154598493084,77.26858911354739,339.76233058506944
Tanzania,0.266,207.73156714310798,76.97810569582728,338.48502859038865
Tanzania,0.267,206.95354629238474,76.6897981838579,337.21729440091156
Tanzania,0.268,206.18133156741314,76.40364222048527,335.959020914341
Tanzania,0.269,205.41485821586141,76.11961381074369,334.7101026209791
Tanzania,0.27,204.65406244469156,75.83768931514834,333.4704355742348
Tanzania,0.271,203.89888140246023,75.55784544313673,332.23991736178374
Tanzania,0.272,203.14925316201,75.28005924665463,331.0184470773654
Tanzania,0.273,202.40511670354113,75.004308113883,329.80592529319927
Tanzania,0.274,201.66641189805372,74.73056976310238,328.60225403300507
Tanzania,0.275,200.93307949115174,74.45882223669115,327.4073367456123
Tanzania,0.276,200.2050610871983,74.18904389525382,326.2210782791428
Tanzania,0.277,199.48229913381488,73.92121341187746,325.04338485575227
Tanzania,0.278,198.76473690671483,73.65530976651101,323.8741640469186
Tanzania,0.279,198.05231849486282,73.39131224046616,322.71332474925947
Tanzania,0.28,197.34498878595258,73.1292004110359,321.5607771608693
Tanzania,0.281,196.64269345219475,72.86895414622795,320.41643275816153
Tanzania,0.28200000000000003,195.94537893640683,72.61055359961013,319.28020427320354
Tanzania,0.28300000000000003,195.2529924383983,72.3539792052652,318.1520056715314
Tanzania,0.28400000000000003,194.56548190164338,72.09921167285232,317.0317521304344
Tanzania,0.28500000000000003,193.88279600023412,71.84623198277212,315.91936001769614
Tanzania,0.28600000000000003,193.2048841261074,71.59502138143377,314.81474687078105
Tanzania,0.28700000000000003,192.53169637653912,71.34556137662042,313.7178313764578
Tanzania,0.28800000000000003,191.86318354189834,71.09783373295159,312.6285333508451
Tanzania,0.28900000000000003,191.1992970936565,70.8518204674397,311.5467737198733
Tanzania,0.29000000000000004,190.53998917264386,70.60750384513813,310.4724745001496
Tanzania,0.29100000000000004,189.88521257754886,70.36486637487991,309.4055587802178
Tanzania,0.29200000000000004,189.23492075365314,70.12389080510293,308.34595070220337
Tanzania,0.29300000000000004,188.5890677817977,69.88456011976132,307.2935754438341
Tanzania,0.294,187.94760836757393,69.64685753431995,306.2483592008279
Tanzania,0.295,187.31049783073468,69.4107664918307,305.21022916963864
Tanzania,0.296,186.67769209482003,69.17627065908806,304.179113530552
Tanzania,0.297,186.04914767699236,68.94335392286219,303.15494143112255
Tanzania,0.298,185.42482167807628,68.71200038620826,302.1376429699443
Tanzania,0.299,184.80467177279843,68.48219436484972,301.12714918074715
Tanzania,0.3,184.18865620022243,68.25392038363356,300.1233920168113
Tanzania,0.301,183.57673375437452,68.02716317305669,299.12630433569234
Tanzania,0.302,182.96886377505538,67.80190766586111,298.13581988424966
Tanzania,0.303,182.3650061388341,67.57813899369657,297.15187328397167
Tanzania,0.304,181.7651212502195,67.35584248384887,296.1744000165901
Tanzania,0.305,181.16917003300566,67.13500365603298,295.2033364099783
Tanzania,0.306,180.5771139217867,66.91560821924857,294.2386196243248
Tanzania,0.307,179.98891485363757,66.69764206869728,293.28018763857784
Tanzania,0.308,179.40453525995693,66.48109128275995,292.3279792371539
Tanzania,0.309,178.82393805846837,66.26594212003256,291.3819339969042
Tanzania,0.31,178.24708664537653,66.05218101641955,290.44199227433353
Tanzania,0.311,177.67394488767437,65.83979458228315,289.50809519306557
Tanzania,0.312,177.10447711559848,65.62876959964763,288.58018463154934
Tanzania,0.313,176.53864811522917,65.41909301945707,287.65820321100125
Tanzania,0.314,175.97642312123162,65.21075195888554,286.74209428357767
Tanzania,0.315,175.41776780973564,65.0037336986986,285.8318019207727
Tanzania,0.316,174.8626482913504,64.79802568066476,284.92727090203607
Tanzania,0.317,174.31103110431144,64.59361550501598,284.0284467036069
Tanzania,0.318,173.762883207757,64.39049092795617,283.1352754875578
Tanzania,0.319,173.21817197513082,64.18863985921652,282.2477040910451
Tanzania,0.32,172.67686518770853,63.98805035965644,281.36568001576063
Tanzania,0.321,172.13893102824525,63.78871063890983,280.4891514175807
Tanzania,0.322,171.60433807474138,63.590609053074715,279.618067096408
Tanzania,0.323,171.07305529432423,63.39373410244602,278.7523764862025
Tanzania,0.324,170.54505203724298,63.198074429290315,277.89202964519563
Tanzania,0.325,170.02029803097454,63.003618815661724,277.0369772462874
Tanzania,0.326,169.4987633744378,62.810356181257845,276.1871705676177
Tanzania,0.327,168.98041853231413,62.61827558131516,275.3425614833131
Tanzania,0.328,168.4652343294717,62.42736620454285,274.50310245440056
Tanzania,0.329,167.95318194549156,62.2376173710944,273.6687465198887
Tanzania,0.33,167.4442329092931,62.04901853057595,272.83944728801026
Tanzania,0.331,166.93835909385717,61.861559260090814,272.01515892762353
Tanzania,0.332,166.43553271104435,61.67522926231945,271.1958361597692
Tanzania,0.333,165.9357263065067,61.49001836363381,270.3814342493796
Tanzania,0.334,165.4389127546908,61.30591651224569,269.5719089971359
Tanzania,0.335,164.94506525393052,61.122913776388216,268.76721673147284
Tanzania,0.336,164.45415732162715,60.94100034252993,267.96731430072435
Tanzania,0.337,163.9661627895155,60.76016651362035,267.17215906541065
Tanzania,0.338,163.481055799014,60.58040270736707,266.38170889066095
Tanzania,0.339,162.99881079665698,60.401699454542936,265.595922138771
Tanzania,0.34,162.51940252960802,60.224047397323716,264.8147576618923
Tanzania,0.341,162.0428060412514,60.047437287654134,264.03817479484866
Tanzania,0.342,161.56899666686178,59.87185998564347,263.2661333480801
Tanzania,0.343,161.09795002934905,59.69730645798852,262.49859360070957
Tanzania,0.34400000000000003,160.6296420350777,59.52376777642459,261.7355162937308
Tanzania,0.34500000000000003,160.16404886975863,59.35123511620306,260.9768626233142
Tanzania,0.34600000000000003,159.7011469944125,59.17969975459556,260.22259423422946
Tanzania,0.34700000000000003,159.24091314140267,59.0091530694238,259.47267321338154
Tanzania,0.34800000000000003,158.78332431053656,58.839586537615105,258.727062083458
Tanzania,0.34900000000000003,158.32835776523416,58.670991733782415,257.9857237966859
Tanzania,0.35000000000000003,157.87599102876206,58.50336032882876,257.24862172869535
Tanzania,0.35100000000000003,157.42620188053198,58.336684088575666,256.5157196724883
Tanzania,0.35200000000000004,156.9789683524623,58.17095487241495,255.78698183250964
Tanzania,0.35300000000000004,156.5342687254015,58.0061646319832,255.06237281881977
Tanzania,0.35400000000000004,156.0920815256122,57.84230540985892,254.3418576413655
Tanzania,0.35500000000000004,155.65238552131473,57.679369338281845,253.6254017043476
Tanzania,0.35600000000000004,155.21515971928852,57.51734863789339,252.91297080068364
Tanzania,0.357,154.78038336153145,57.35623561649878,252.2045311065641
Tanzania,0.358,154.34803592197412,57.196022667849334,251.5000491760989
Tanzania,0.359,153.91809710324995,57.03670227044586,250.79949193605404
Tanzania,0.36,153.4905468335187,56.87826698636128,250.10282668067612
Tanzania,0.361,153.06536526334273,56.720709460083256,249.4100210666022
Tanzania,0.362,152.64253276261528,56.56402241737584,248.7210431078547
Tanzania,0.363,152.2220299175392,56.408198664159954,248.03586117091845
Tanzania,0.364,151.80383752765587,56.25323108541228,247.35444396989948
Tanzania,0.365,151.38793660292254,56.09911264408237,246.6767605617627
Tanzania,0.366,150.97430836083805,55.9458363800275,246.0027803416486
Tanzania,0.367,150.56293422361506,55.79339540896473,245.3324730382654
Tanzania,0.368,150.15379581539872,55.64178292144035,244.6658087093571
Tanzania,0.369,149.74687495953043,55.49099218181587,244.002757737245
Tanzania,0.37,149.34215367585603,55.341016527270426,243.34329082444162
Tanzania,0.371,148.93961417807745,55.19184936681958,242.68737898933531
Tanzania,0.372,148.53923887114712,55.04348418034962,242.03499356194462
Tanzania,0.373,148.14101034870436,54.895914517667705,241.386106179741
Tanzania,0.374,147.74491139055274,54.749133997566986,240.7406887835385
Tanzania,0.375,147.35092496017793,54.60313630690682,240.09871361344904
Tanzania,0.376,146.95903420230513,54.4579151997076,239.46015320490267
Tanzania,0.377,146.56922244049528,54.313464496260096,238.82498038473045
Tanzania,0.378,146.1814731747797,54.169778082248854,238.19316826731057
Tanzania,0.379,145.79577007933173,54.02684990788934,237.5646902507741
Tanzania,0.38,145.41209700017558,53.8846739870791,236.93952001327204
Tanzania,0.381,145.03043795293104,53.743244396561806,236.31763150930027
Tanzania,0.382,144.65077712059355,53.602555275104876,235.69899896608223
Tanzania,0.383,144.27309885134915,53.46260082268944,235.08359688000886
Tanzania,0.384,143.89738765642377,53.32337529971369,234.47140001313386
Tanzania,0.385,143.52362820796552,53.184873026207924,233.8623833897231
Tanzania,0.386,143.15180533696042,53.04708838106234,233.2565222928585
Tanzania,0.387,142.78190403118015,52.91001580126628,232.653792261094
Tanzania,0.388,142.41390943316168,52.773649781159946,232.0541690851634
Tanzania,0.389,142.0478068382178,52.637984871696816,231.45762880473882
Tanzania,0.39,141.68358169247878,52.50301567971809,230.86414770523947
Tanzania,0.391,141.3212195909635,52.368736867238,230.273702314689
Tanzania,0.392,140.96070627568042,52.235143150739944,229.68626940062092
Tanzania,0.393,140.60202763375756,52.1022293004836,229.10182596703152
Tanzania,0.394,140.24516969560082,51.969990139822485,228.52034925137917
Tanzania,0.395,139.8901186330803,51.838420544531786,227.9418167216288
Tanzania,0.396,139.53686075774425,51.707515442146615,227.36620607334189
Tanzania,0.397,139.18538251905974,51.577269811309975,226.7934952268095
Tanzania,0.398,138.83567050268022,51.44767868113081,226.22366232422962
Tanzania,0.399,138.48771142873866,51.31873713055154,225.6566857269258
Tanzania,0.4,138.1414921501668,51.19044028772514,225.09254401260847
